match,bowlingTeam,bowlerName,overs,maiden,runs,wickets,economy,0s,4s,6s,wides,noBalls,match_id
NamibiaVsSriLanka,Sri Lanka,Maheesh Theekshana,4,0,23,1,5.75,7,0,0,2,0,T20I # 1823
NamibiaVsSriLanka,Sri Lanka,Dushmantha Chameera,4,0,39,1,9.75,6,3,1,2,0,T20I # 1823
NamibiaVsSriLanka,Sri Lanka,Pramod Madushan,4,0,37,2,9.25,6,3,1,0,0,T20I # 1823
NamibiaVsSriLanka,Sri Lanka,Chamika Karunaratne,4,0,36,1,9.00,7,3,1,1,0,T20I # 1823
NamibiaVsSriLanka,Sri Lanka,Wanindu Hasaranga de Silva,4,0,27,1,6.75,8,1,1,0,0,T20I # 1823
NamibiaVsSriLanka,Namibia,Gerhard Erasmus,1,0,8,0,8.00,1,1,0,0,0,T20I # 1823
NamibiaVsSriLanka,Namibia,David Wiese,4,0,16,2,4.00,13,1,0,0,0,T20I # 1823
NamibiaVsSriLanka,Namibia,Bernard Scholtz,4,0,18,2,4.50,10,1,0,0,0,T20I # 1823
NamibiaVsSriLanka,Namibia,Ben Shikongo,3,1,22,2,7.33,6,3,0,0,0,T20I # 1823
NamibiaVsSriLanka,Namibia,JJ Smit,3,0,16,1,5.33,7,0,0,1,0,T20I # 1823
NamibiaVsSriLanka,Namibia,Jan Frylinck,4,0,26,2,6.50,10,0,2,1,0,T20I # 1823
U.A.E.VsNetherlands,Netherlands,Fred Klaassen,4,0,13,2,3.25,18,0,0,3,0,T20I # 1825
U.A.E.VsNetherlands,Netherlands,Tim Pringle,4,0,13,1,3.25,11,0,0,0,0,T20I # 1825
U.A.E.VsNetherlands,Netherlands,Logan van Beek,2,0,19,0,9.50,5,0,2,1,0,T20I # 1825
U.A.E.VsNetherlands,Netherlands,Bas de Leede,3,0,19,3,6.33,9,2,0,2,0,T20I # 1825
U.A.E.VsNetherlands,Netherlands,Paul van Meekeren,4,0,21,0,5.25,11,1,0,0,0,T20I # 1825
U.A.E.VsNetherlands,Netherlands,Roelof van der Merwe,3,0,19,1,6.33,7,0,1,0,0,T20I # 1825
U.A.E.VsNetherlands,U.A.E.,Junaid Siddique,4,0,24,3,6.00,10,2,0,1,0,T20I # 1825
U.A.E.VsNetherlands,U.A.E.,Basil Hameed,1,0,7,1,7.00,4,0,1,0,0,T20I # 1825
U.A.E.VsNetherlands,U.A.E.,Aayan Afzal Khan,3,0,15,1,5.00,8,1,0,0,0,T20I # 1825
U.A.E.VsNetherlands,U.A.E.,Karthik Meiyappan,4,0,22,1,5.50,11,2,0,0,0,T20I # 1825
U.A.E.VsNetherlands,U.A.E.,Zahoor Khan,4,0,11,1,2.75,14,0,0,0,0,T20I # 1825
U.A.E.VsNetherlands,U.A.E.,Zawar Farid,2.5,0,24,0,8.47,2,2,0,0,0,T20I # 1825
U.A.E.VsNetherlands,U.A.E.,Kashif Daud,1,0,5,0,5.00,1,0,0,0,0,T20I # 1825
ScotlandVsWestIndies,West Indies,Kyle Mayers,2,0,24,0,12.00,5,5,0,2,0,T20I # 1826
ScotlandVsWestIndies,West Indies,Akeal Hosein,4,0,31,0,7.75,8,2,1,0,0,T20I # 1826
ScotlandVsWestIndies,West Indies,Alzarri Joseph,4,0,28,2,7.00,9,3,0,2,0,T20I # 1826
ScotlandVsWestIndies,West Indies,Obed McCoy,3,0,25,0,8.33,6,4,0,0,0,T20I # 1826
ScotlandVsWestIndies,West Indies,Jason Holder,3,0,14,2,4.66,8,1,0,0,0,T20I # 1826
ScotlandVsWestIndies,West Indies,Odean Smith,4,0,31,1,7.75,6,3,0,1,0,T20I # 1826
ScotlandVsWestIndies,Scotland,Mark Watt,4,0,12,3,3.00,16,1,0,1,0,T20I # 1826
ScotlandVsWestIndies,Scotland,Brad Wheal,4,0,32,2,8.00,10,4,1,0,0,T20I # 1826
ScotlandVsWestIndies,Scotland,Josh Davey,3,0,34,1,11.33,8,4,2,1,0,T20I # 1826
ScotlandVsWestIndies,Scotland,Safyaan Sharif,3.3,0,23,1,6.57,7,2,0,2,0,T20I # 1826
ScotlandVsWestIndies,Scotland,Michael Leask,4,0,15,2,3.75,11,0,0,1,0,T20I # 1826
ZimbabweVsIreland,Ireland,Josh Little,4,0,24,3,6.00,11,3,0,0,0,T20I # 1828
ZimbabweVsIreland,Ireland,Mark Adair,4,0,39,2,9.75,6,3,1,2,0,T20I # 1828
ZimbabweVsIreland,Ireland,Barry McCarthy,4,0,24,0,6.00,11,2,0,2,0,T20I # 1828
ZimbabweVsIreland,Ireland,Curtis Campher,3,0,29,0,9.66,6,2,2,0,0,T20I # 1828
ZimbabweVsIreland,Ireland,Simi Singh,3,0,31,2,10.33,5,2,2,1,0,T20I # 1828
ZimbabweVsIreland,Ireland,Gareth Delany,2,0,21,0,10.50,4,2,1,1,0,T20I # 1828
ZimbabweVsIreland,Zimbabwe,Richard Ngarava,4,0,22,2,5.50,13,3,0,0,0,T20I # 1828
ZimbabweVsIreland,Zimbabwe,Tendai Chatara,4,0,22,2,5.50,13,1,1,2,0,T20I # 1828
ZimbabweVsIreland,Zimbabwe,Blessing Muzarabani,4,0,23,3,5.75,14,0,2,0,1,T20I # 1828
ZimbabweVsIreland,Zimbabwe,Luke Jongwe,2,0,24,0,12.00,1,4,0,0,0,T20I # 1828
ZimbabweVsIreland,Zimbabwe,Sean Williams,3,0,20,1,6.66,3,0,0,0,0,T20I # 1828
ZimbabweVsIreland,Zimbabwe,Sikandar Raza,3,0,22,1,7.33,8,1,1,1,0,T20I # 1828
NamibiaVsNetherlands,Netherlands,Fred Klaassen,3,0,15,0,5.00,11,1,0,0,0,T20I # 1830
NamibiaVsNetherlands,Netherlands,Tim Pringle,3,0,15,1,5.00,8,0,0,0,0,T20I # 1830
NamibiaVsNetherlands,Netherlands,Bas de Leede,3,0,18,2,6.00,6,1,0,0,0,T20I # 1830
NamibiaVsNetherlands,Netherlands,Colin Ackermann,3,0,17,1,5.66,8,2,0,0,0,T20I # 1830
NamibiaVsNetherlands,Netherlands,Paul van Meekeren,4,0,18,1,4.50,11,1,0,1,0,T20I # 1830
NamibiaVsNetherlands,Netherlands,Timm van der Gugten,3,0,29,0,9.66,4,1,1,2,0,T20I # 1830
NamibiaVsNetherlands,Netherlands,Roelof van der Merwe,1,0,6,1,6.00,1,0,0,1,0,T20I # 1830
NamibiaVsNetherlands,Namibia,Bernard Scholtz,4,0,21,1,5.25,10,0,1,0,0,T20I # 1830
NamibiaVsNetherlands,Namibia,David Wiese,2.3,0,22,0,8.80,4,3,0,0,0,T20I # 1830
NamibiaVsNetherlands,Namibia,Gerhard Erasmus,3,0,13,0,4.33,8,0,0,1,0,T20I # 1830
NamibiaVsNetherlands,Namibia,Ben Shikongo,1,0,18,0,18.00,1,0,2,1,0,T20I # 1830
NamibiaVsNetherlands,Namibia,JJ Smit,4,0,24,2,6.00,9,2,0,0,0,T20I # 1830
NamibiaVsNetherlands,Namibia,Jan Frylinck,4,1,16,1,4.00,11,1,0,0,0,T20I # 1830
NamibiaVsNetherlands,Namibia,Jan Nicol Loftie-Eaton,1,0,8,0,8.00,2,1,0,0,1,T20I # 1830
SriLankaVsU.A.E.,U.A.E.,Junaid Siddique,4,0,36,0,9.00,8,2,1,2,0,T20I # 1832
SriLankaVsU.A.E.,U.A.E.,Kashif Daud,1,0,14,0,14.00,0,2,0,0,0,T20I # 1832
SriLankaVsU.A.E.,U.A.E.,Zahoor Khan,4,0,26,2,6.50,10,3,0,0,0,T20I # 1832
SriLankaVsU.A.E.,U.A.E.,Aayan Afzal Khan,3,0,16,1,5.33,7,1,0,0,0,T20I # 1832
SriLankaVsU.A.E.,U.A.E.,Aryan Lakra,3,0,24,1,8.00,5,3,0,0,0,T20I # 1832
SriLankaVsU.A.E.,U.A.E.,Karthik Meiyappan,4,0,19,3,4.75,12,0,1,0,0,T20I # 1832
SriLankaVsU.A.E.,U.A.E.,Basil Hameed,1,0,13,0,13.00,1,1,1,0,0,T20I # 1832
SriLankaVsU.A.E.,Sri Lanka,Pramod Madushan,3,0,14,1,4.66,12,2,0,1,0,T20I # 1832
SriLankaVsU.A.E.,Sri Lanka,Maheesh Theekshana,3.1,0,15,2,4.73,10,2,0,0,0,T20I # 1832
SriLankaVsU.A.E.,Sri Lanka,Dushmantha Chameera,3.5,0,15,3,3.91,16,0,1,0,0,T20I # 1832
SriLankaVsU.A.E.,Sri Lanka,Chamika Karunaratne,2,0,14,0,7.00,5,2,0,0,0,T20I # 1832
SriLankaVsU.A.E.,Sri Lanka,Wanindu Hasaranga de Silva,4,1,8,3,2.00,17,0,0,0,0,T20I # 1832
SriLankaVsU.A.E.,Sri Lanka,Dasun Shanaka,1.1,0,7,1,6.00,3,0,0,1,0,T20I # 1832
ScotlandVsIreland,Ireland,Josh Little,4,0,30,1,7.50,10,2,1,1,0,T20I # 1833
ScotlandVsIreland,Ireland,Mark Adair,4,0,23,1,5.75,12,2,0,2,0,T20I # 1833
ScotlandVsIreland,Ireland,Barry McCarthy,4,0,59,0,14.75,4,6,3,1,1,T20I # 1833
ScotlandVsIreland,Ireland,Gareth Delany,3,0,28,0,9.33,3,2,1,0,0,T20I # 1833
ScotlandVsIreland,Ireland,Simi Singh,2,0,16,0,8.00,2,2,0,0,0,T20I # 1833
ScotlandVsIreland,Ireland,Curtis Campher,2,0,9,2,4.50,7,1,0,0,0,T20I # 1833
ScotlandVsIreland,Ireland,George Dockrell,1,0,9,0,9.00,1,1,0,0,0,T20I # 1833
ScotlandVsIreland,Scotland,Mark Watt,4,0,39,1,9.75,10,2,1,2,0,T20I # 1833
ScotlandVsIreland,Scotland,Brad Wheal,4,0,25,1,6.25,11,2,1,0,0,T20I # 1833
ScotlandVsIreland,Scotland,Josh Davey,4,0,46,0,11.50,5,8,0,1,0,T20I # 1833
ScotlandVsIreland,Scotland,Safyaan Sharif,3,0,32,1,10.66,3,4,0,1,0,T20I # 1833
ScotlandVsIreland,Scotland,Chris Greaves,2,0,18,0,9.00,1,0,1,1,0,T20I # 1833
ScotlandVsIreland,Scotland,Michael Leask,2,0,16,1,8.00,2,1,0,0,0,T20I # 1833
WestIndiesVsZimbabwe,Zimbabwe,Richard Ngarava,3,0,20,0,6.66,9,1,1,1,0,T20I # 1834
WestIndiesVsZimbabwe,Zimbabwe,Tendai Chatara,3,0,22,0,7.33,5,2,0,2,0,T20I # 1834
WestIndiesVsZimbabwe,Zimbabwe,Blessing Muzarabani,4,0,38,2,9.50,10,2,2,2,1,T20I # 1834
WestIndiesVsZimbabwe,Zimbabwe,Ryan Burl,3,0,27,0,9.00,5,3,1,0,0,T20I # 1834
WestIndiesVsZimbabwe,Zimbabwe,Sikandar Raza,4,0,19,3,4.75,7,0,0,0,0,T20I # 1834
WestIndiesVsZimbabwe,Zimbabwe,Sean Williams,3,0,17,1,5.66,7,1,0,0,1,T20I # 1834
WestIndiesVsZimbabwe,West Indies,Kyle Mayers,1,0,17,0,17.00,3,3,0,1,0,T20I # 1834
WestIndiesVsZimbabwe,West Indies,Akeal Hosein,4,0,25,1,6.25,12,1,1,1,1,T20I # 1834
WestIndiesVsZimbabwe,West Indies,Alzarri Joseph,4,0,16,4,4.00,16,1,1,0,0,T20I # 1834
WestIndiesVsZimbabwe,West Indies,Obed McCoy,3,0,19,1,6.33,9,3,0,0,0,T20I # 1834
WestIndiesVsZimbabwe,West Indies,Jason Holder,3.2,0,12,3,3.60,12,1,0,0,0,T20I # 1834
WestIndiesVsZimbabwe,West Indies,Odean Smith,3,0,31,1,10.33,8,4,1,1,1,T20I # 1834
SriLankaVsNetherlands,Netherlands,Fred Klaassen,4,0,34,1,8.50,9,1,2,0,0,T20I # 1835
SriLankaVsNetherlands,Netherlands,Tim Pringle,3,0,22,0,7.33,8,0,2,0,0,T20I # 1835
SriLankaVsNetherlands,Netherlands,Roelof van der Merwe,3,0,16,0,5.33,10,2,0,0,0,T20I # 1835
SriLankaVsNetherlands,Netherlands,Paul van Meekeren,4,0,25,2,6.25,11,3,0,1,0,T20I # 1835
SriLankaVsNetherlands,Netherlands,Bas de Leede,3,0,31,2,10.33,5,2,2,0,0,T20I # 1835
SriLankaVsNetherlands,Netherlands,Timm van der Gugten,3,0,31,1,10.33,3,2,1,0,0,T20I # 1835
SriLankaVsNetherlands,Sri Lanka,Dhananjaya de Silva,1,0,5,0,5.00,1,0,0,0,0,T20I # 1835
SriLankaVsNetherlands,Sri Lanka,Lahiru Kumara,4,0,28,1,7.00,14,2,1,1,0,T20I # 1835
SriLankaVsNetherlands,Sri Lanka,Binura Fernando,4,0,33,1,8.25,11,4,1,1,0,T20I # 1835
SriLankaVsNetherlands,Sri Lanka,Maheesh Theekshana,4,0,32,2,8.00,12,1,2,2,1,T20I # 1835
SriLankaVsNetherlands,Sri Lanka,Wanindu Hasaranga de Silva,4,0,28,3,7.00,11,3,0,0,0,T20I # 1835
SriLankaVsNetherlands,Sri Lanka,Chamika Karunaratne,2,0,11,0,5.50,6,1,0,1,0,T20I # 1835
SriLankaVsNetherlands,Sri Lanka,Dasun Shanaka,1,0,7,0,7.00,3,1,0,0,0,T20I # 1835
U.A.E.VsNamibia,Namibia,Ruben Trumpelmann,4,0,22,0,5.50,10,0,0,3,0,T20I # 1836
U.A.E.VsNamibia,Namibia,David Wiese,4,0,27,1,6.75,12,2,1,1,0,T20I # 1836
U.A.E.VsNamibia,Namibia,Bernard Scholtz,4,0,22,1,5.50,11,1,1,0,0,T20I # 1836
U.A.E.VsNamibia,Namibia,JJ Smit,4,0,39,0,9.75,11,2,3,0,0,T20I # 1836
U.A.E.VsNamibia,Namibia,Jan Frylinck,3,0,30,0,10.00,3,2,1,1,0,T20I # 1836
U.A.E.VsNamibia,Namibia,Ben Shikongo,1,0,8,1,8.00,1,1,0,0,0,T20I # 1836
U.A.E.VsNamibia,U.A.E.,Basil Hameed,3,0,17,2,5.66,10,2,0,0,0,T20I # 1836
U.A.E.VsNamibia,U.A.E.,Junaid Siddique,4,0,35,1,8.75,8,3,1,2,0,T20I # 1836
U.A.E.VsNamibia,U.A.E.,Zahoor Khan,4,0,20,2,5.00,15,1,0,2,2,T20I # 1836
U.A.E.VsNamibia,U.A.E.,Ahmed Raza,1,0,9,0,9.00,1,1,0,0,0,T20I # 1836
U.A.E.VsNamibia,U.A.E.,Karthik Meiyappan,4,0,34,1,8.50,8,2,2,0,0,T20I # 1836
U.A.E.VsNamibia,U.A.E.,Aayan Afzal Khan,2,0,7,0,3.50,5,0,0,0,0,T20I # 1836
U.A.E.VsNamibia,U.A.E.,Muhammad Waseem,2,0,16,1,8.00,3,0,1,0,0,T20I # 1836
WestIndiesVsIreland,Ireland,Josh Little,4,0,31,0,7.75,8,1,2,1,0,T20I # 1837
WestIndiesVsIreland,Ireland,Mark Adair,4,0,26,0,6.50,12,1,1,4,0,T20I # 1837
WestIndiesVsIreland,Ireland,Barry McCarthy,4,0,33,1,8.25,9,3,1,1,0,T20I # 1837
WestIndiesVsIreland,Ireland,Curtis Campher,2,0,28,0,14.00,2,4,1,0,0,T20I # 1837
WestIndiesVsIreland,Ireland,Simi Singh,2,0,11,1,5.50,4,1,0,0,0,T20I # 1837
WestIndiesVsIreland,Ireland,Gareth Delany,4,0,16,3,4.00,12,1,0,1,0,T20I # 1837
WestIndiesVsIreland,West Indies,Obed McCoy,3.3,0,27,0,7.71,11,2,2,0,0,T20I # 1837
WestIndiesVsIreland,West Indies,Akeal Hosein,4,0,38,1,9.50,5,2,2,0,0,T20I # 1837
WestIndiesVsIreland,West Indies,Alzarri Joseph,4,0,39,0,9.75,9,3,2,1,0,T20I # 1837
WestIndiesVsIreland,West Indies,Odean Smith,2,0,23,0,11.50,4,3,1,0,1,T20I # 1837
WestIndiesVsIreland,West Indies,Jason Holder,4,0,23,0,5.75,7,1,0,0,0,T20I # 1837
ScotlandVsZimbabwe,Zimbabwe,Tendai Chatara,4,1,14,2,3.50,14,1,0,0,0,T20I # 1838
ScotlandVsZimbabwe,Zimbabwe,Richard Ngarava,4,0,28,2,7.00,12,4,0,1,1,T20I # 1838
ScotlandVsZimbabwe,Zimbabwe,Blessing Muzarabani,4,0,34,1,8.50,9,5,0,0,2,T20I # 1838
ScotlandVsZimbabwe,Zimbabwe,Sean Williams,3,0,19,0,6.33,4,1,0,0,0,T20I # 1838
ScotlandVsZimbabwe,Zimbabwe,Sikandar Raza,4,0,20,1,5.00,10,0,0,2,0,T20I # 1838
ScotlandVsZimbabwe,Zimbabwe,Wessly Madhevere,1,0,7,0,7.00,1,0,0,0,0,T20I # 1838
ScotlandVsZimbabwe,Scotland,Brad Wheal,4,0,26,1,6.50,12,4,0,0,0,T20I # 1838
ScotlandVsZimbabwe,Scotland,Josh Davey,3,0,16,2,5.33,8,1,0,0,1,T20I # 1838
ScotlandVsZimbabwe,Scotland,Safyaan Sharif,2.3,0,23,0,9.20,4,3,0,0,1,T20I # 1838
ScotlandVsZimbabwe,Scotland,Mark Watt,4,0,19,1,4.75,9,1,0,0,0,T20I # 1838
ScotlandVsZimbabwe,Scotland,Michael Leask,4,0,36,1,9.00,4,2,1,0,0,T20I # 1838
ScotlandVsZimbabwe,Scotland,Calum MacLeod,1,0,11,0,11.00,0,0,1,0,0,T20I # 1838
NewZealandVsAustralia,Australia,Mitchell Starc,4,0,36,0,9.00,5,3,1,0,0,T20I # 1839
NewZealandVsAustralia,Australia,Josh Hazlewood,4,0,41,2,10.25,8,5,1,1,0,T20I # 1839
NewZealandVsAustralia,Australia,Pat Cummins,4,0,46,0,11.50,8,4,2,2,0,T20I # 1839
NewZealandVsAustralia,Australia,Marcus Stoinis,4,0,38,0,9.50,3,1,2,1,0,T20I # 1839
NewZealandVsAustralia,Australia,Adam Zampa,4,0,39,1,9.75,4,2,2,1,0,T20I # 1839
NewZealandVsAustralia,New Zealand,Trent Boult,4,0,24,2,6.00,13,2,1,1,0,T20I # 1839
NewZealandVsAustralia,New Zealand,Tim Southee,2.1,0,6,3,2.76,10,1,0,0,0,T20I # 1839
NewZealandVsAustralia,New Zealand,Mitchell Santner,4,0,31,3,7.75,10,2,2,0,0,T20I # 1839
NewZealandVsAustralia,New Zealand,Lockie Ferguson,3,0,20,1,6.66,9,2,1,0,0,T20I # 1839
NewZealandVsAustralia,New Zealand,Ish Sodhi,4,0,29,1,7.25,8,2,1,1,0,T20I # 1839
AfghanistanVsEngland,England,Ben Stokes,4,0,19,2,4.75,14,2,0,1,0,T20I # 1840
AfghanistanVsEngland,England,Chris Woakes,4,0,24,1,6.00,15,2,1,1,0,T20I # 1840
AfghanistanVsEngland,England,Mark Wood,4,0,23,2,5.75,14,2,1,0,0,T20I # 1840
AfghanistanVsEngland,England,Sam Curran,3.4,0,10,5,2.72,16,1,0,1,0,T20I # 1840
AfghanistanVsEngland,England,Adil Rashid,4,0,32,0,8.00,4,1,1,0,0,T20I # 1840
AfghanistanVsEngland,Afghanistan,Fazalhaq Farooqi,4,0,24,1,6.00,15,2,1,3,0,T20I # 1840
AfghanistanVsEngland,Afghanistan,Azmatullah Omarzai,1.1,0,11,0,9.42,2,1,0,3,0,T20I # 1840
AfghanistanVsEngland,Afghanistan,Mujeeb Ur Rahman,4,0,22,1,5.50,10,1,0,0,0,T20I # 1840
AfghanistanVsEngland,Afghanistan,Rashid Khan,4,0,17,1,4.25,10,0,0,0,0,T20I # 1840
AfghanistanVsEngland,Afghanistan,Fareed Ahmad,2,0,23,1,11.50,2,2,0,1,0,T20I # 1840
AfghanistanVsEngland,Afghanistan,Mohammad Nabi,3,0,16,1,5.33,6,0,0,0,0,T20I # 1840
IrelandVsSriLanka,Sri Lanka,Binura Fernando,4,0,27,1,6.75,10,3,0,1,0,T20I # 1841
IrelandVsSriLanka,Sri Lanka,Lahiru Kumara,2,0,12,1,6.00,6,2,0,0,0,T20I # 1841
IrelandVsSriLanka,Sri Lanka,Maheesh Theekshana,4,0,19,2,4.75,8,1,0,0,0,T20I # 1841
IrelandVsSriLanka,Sri Lanka,Chamika Karunaratne,4,0,29,1,7.25,7,2,1,0,0,T20I # 1841
IrelandVsSriLanka,Sri Lanka,Wanindu Hasaranga de Silva,4,0,25,2,6.25,6,0,1,0,0,T20I # 1841
IrelandVsSriLanka,Sri Lanka,Dhananjaya de Silva,2,0,13,1,6.50,3,1,0,0,0,T20I # 1841
IrelandVsSriLanka,Ireland,Josh Little,4,0,45,0,11.25,5,4,1,1,0,T20I # 1841
IrelandVsSriLanka,Ireland,Mark Adair,2,0,16,0,8.00,2,1,0,0,0,T20I # 1841
IrelandVsSriLanka,Ireland,Barry McCarthy,2,0,16,0,8.00,4,0,1,0,0,T20I # 1841
IrelandVsSriLanka,Ireland,Gareth Delany,4,0,28,1,7.00,8,3,0,2,0,T20I # 1841
IrelandVsSriLanka,Ireland,Curtis Campher,1,0,8,0,8.00,2,1,0,0,0,T20I # 1841
IrelandVsSriLanka,Ireland,Simi Singh,2,0,20,0,10.00,3,0,2,0,0,T20I # 1841
PakistanVsIndia,India,Bhuvneshwar Kumar,4,0,22,1,5.50,17,1,1,3,0,T20I # 1842
PakistanVsIndia,India,Arshdeep Singh,4,0,32,3,8.00,10,3,1,1,0,T20I # 1842
PakistanVsIndia,India,Mohammed Shami,4,0,25,1,6.25,14,4,0,1,0,T20I # 1842
PakistanVsIndia,India,Hardik Pandya,4,0,30,3,7.50,10,4,0,0,0,T20I # 1842
PakistanVsIndia,India,Ravichandran Ashwin,3,0,23,0,7.66,5,0,1,1,0,T20I # 1842
PakistanVsIndia,India,Axar Patel,1,0,21,0,21.00,2,0,3,0,0,T20I # 1842
PakistanVsIndia,Pakistan,Shaheen Shah Afridi,4,0,34,0,8.50,7,4,0,1,0,T20I # 1842
PakistanVsIndia,Pakistan,Naseem Shah,4,0,23,1,5.75,10,1,0,0,0,T20I # 1842
PakistanVsIndia,Pakistan,Haris Rauf,4,0,36,2,9.00,11,2,2,1,0,T20I # 1842
PakistanVsIndia,Pakistan,Shadab Khan,4,0,21,0,5.25,10,2,0,0,0,T20I # 1842
PakistanVsIndia,Pakistan,Mohammad Nawaz,4,0,42,2,10.50,8,0,4,2,1,T20I # 1842
BangladeshVsNetherlands,Netherlands,Fred Klaassen,4,0,33,1,8.25,10,5,0,3,0,T20I # 1843
BangladeshVsNetherlands,Netherlands,Colin Ackermann,1,0,4,0,4.00,2,0,0,0,0,T20I # 1843
BangladeshVsNetherlands,Netherlands,Paul van Meekeren,4,0,21,2,5.25,10,1,0,0,0,T20I # 1843
BangladeshVsNetherlands,Netherlands,Bas de Leede,3,0,29,2,9.66,9,3,1,3,0,T20I # 1843
BangladeshVsNetherlands,Netherlands,Tim Pringle,2,0,10,1,5.00,4,0,0,0,0,T20I # 1843
BangladeshVsNetherlands,Netherlands,Shariz Ahmad,3,0,27,1,9.00,5,1,2,0,0,T20I # 1843
BangladeshVsNetherlands,Netherlands,Logan van Beek,3,0,12,1,4.00,7,0,0,1,0,T20I # 1843
BangladeshVsNetherlands,Bangladesh,Taskin Ahmed,4,0,25,4,6.25,16,5,0,0,0,T20I # 1843
BangladeshVsNetherlands,Bangladesh,Hasan Mahmud,4,1,15,2,3.75,16,2,0,0,0,T20I # 1843
BangladeshVsNetherlands,Bangladesh,Shakib Al Hasan,4,0,32,1,8.00,6,0,2,1,0,T20I # 1843
BangladeshVsNetherlands,Bangladesh,Mustafizur Rahman,4,0,20,0,5.00,14,2,0,2,0,T20I # 1843
BangladeshVsNetherlands,Bangladesh,Soumya Sarkar,3,0,29,1,9.66,5,2,1,1,0,T20I # 1843
BangladeshVsNetherlands,Bangladesh,Mosaddek Hossain,1,0,14,0,14.00,0,0,1,0,1,T20I # 1843
ZimbabweVsSouthAfrica,South Africa,Kagiso Rabada,2,0,20,0,10.00,4,2,1,0,0,T20I # 1844
ZimbabweVsSouthAfrica,South Africa,Wayne Parnell,2,0,6,1,3.00,9,1,0,0,0,T20I # 1844
ZimbabweVsSouthAfrica,South Africa,Lungi Ngidi,2,0,20,2,10.00,6,2,1,2,0,T20I # 1844
ZimbabweVsSouthAfrica,South Africa,Keshav Maharaj,1,0,10,0,10.00,1,1,0,0,0,T20I # 1844
ZimbabweVsSouthAfrica,South Africa,Anrich Nortje,2,0,10,1,5.00,5,0,0,0,0,T20I # 1844
ZimbabweVsSouthAfrica,Zimbabwe,Tendai Chatara,1,0,23,0,23.00,0,4,1,0,0,T20I # 1844
ZimbabweVsSouthAfrica,Zimbabwe,Richard Ngarava,1,0,17,0,17.00,2,4,0,0,1,T20I # 1844
ZimbabweVsSouthAfrica,Zimbabwe,Sikandar Raza,1,0,11,0,11.00,1,0,0,0,1,T20I # 1844
SriLankaVsAustralia,Australia,Josh Hazlewood,4,0,26,1,6.50,13,3,0,3,0,T20I # 1845
SriLankaVsAustralia,Australia,Pat Cummins,4,0,36,1,9.00,12,5,1,2,0,T20I # 1845
SriLankaVsAustralia,Australia,Mitchell Starc,4,0,23,1,5.75,13,1,0,1,0,T20I # 1845
SriLankaVsAustralia,Australia,Ashton Agar,4,0,25,1,6.25,8,1,0,1,0,T20I # 1845
SriLankaVsAustralia,Australia,Marcus Stoinis,2,0,17,0,8.50,1,1,0,1,0,T20I # 1845
SriLankaVsAustralia,Australia,Mitchell Marsh,1,0,14,0,14.00,1,1,1,0,0,T20I # 1845
SriLankaVsAustralia,Australia,Glenn Maxwell,1,0,5,1,5.00,2,0,0,0,0,T20I # 1845
SriLankaVsAustralia,Sri Lanka,Binura Fernando,0.5,0,5,0,6.00,2,0,0,0,0,T20I # 1845
SriLankaVsAustralia,Sri Lanka,Dhananjaya de Silva,2.1,0,18,1,8.30,4,1,1,0,0,T20I # 1845
SriLankaVsAustralia,Sri Lanka,Lahiru Kumara,3.3,0,22,0,6.28,15,0,1,3,0,T20I # 1845
SriLankaVsAustralia,Sri Lanka,Chamika Karunaratne,3,0,20,1,6.66,6,1,0,1,0,T20I # 1845
SriLankaVsAustralia,Sri Lanka,Maheesh Theekshana,3,0,23,1,7.66,11,0,3,1,0,T20I # 1845
SriLankaVsAustralia,Sri Lanka,Wanindu Hasaranga de Silva,3,0,53,0,17.66,0,3,5,0,0,T20I # 1845
SriLankaVsAustralia,Sri Lanka,Dasun Shanaka,1,0,10,0,10.00,2,2,0,0,0,T20I # 1845
IrelandVsEngland,England,Ben Stokes,2.2,0,8,1,3.42,7,0,0,0,0,T20I # 1846
IrelandVsEngland,England,Chris Woakes,3,0,41,0,13.66,4,6,1,2,0,T20I # 1846
IrelandVsEngland,England,Mark Wood,4,0,34,3,8.50,13,4,1,2,0,T20I # 1846
IrelandVsEngland,England,Sam Curran,3,0,31,2,10.33,7,1,2,0,0,T20I # 1846
IrelandVsEngland,England,Adil Rashid,4,0,24,0,6.00,6,1,0,0,0,T20I # 1846
IrelandVsEngland,England,Liam Livingstone,3,0,17,3,5.66,5,1,0,0,0,T20I # 1846
IrelandVsEngland,Ireland,Josh Little,3,0,16,2,5.33,11,2,0,2,0,T20I # 1846
IrelandVsEngland,Ireland,Mark Adair,2,0,10,0,5.00,5,0,0,0,0,T20I # 1846
IrelandVsEngland,Ireland,Barry McCarthy,3,0,20,1,6.66,7,1,0,3,0,T20I # 1846
IrelandVsEngland,Ireland,Fionn Hand,2,0,17,1,8.50,6,1,0,4,0,T20I # 1846
IrelandVsEngland,Ireland,Gareth Delany,3.3,0,33,0,9.42,5,3,1,1,0,T20I # 1846
IrelandVsEngland,Ireland,George Dockrell,1,0,5,1,5.00,2,0,0,0,0,T20I # 1846
SouthAfricaVsBangladesh,Bangladesh,Taskin Ahmed,3,0,46,1,15.33,7,6,2,0,3,T20I # 1847
SouthAfricaVsBangladesh,Bangladesh,Mehidy Hasan Miraz,3,0,32,0,10.66,4,2,2,0,0,T20I # 1847
SouthAfricaVsBangladesh,Bangladesh,Hasan Mahmud,4,0,36,1,9.00,11,3,2,2,0,T20I # 1847
SouthAfricaVsBangladesh,Bangladesh,Mustafizur Rahman,4,0,25,0,6.25,7,1,1,0,0,T20I # 1847
SouthAfricaVsBangladesh,Bangladesh,Mosaddek Hossain,2,0,16,0,8.00,5,1,1,0,0,T20I # 1847
SouthAfricaVsBangladesh,Bangladesh,Shakib Al Hasan,3,0,33,2,11.00,7,1,3,0,1,T20I # 1847
SouthAfricaVsBangladesh,Bangladesh,Afif Hossain,1,0,11,1,11.00,1,2,0,0,0,T20I # 1847
SouthAfricaVsBangladesh,South Africa,Kagiso Rabada,3,0,24,1,8.00,8,1,2,1,0,T20I # 1847
SouthAfricaVsBangladesh,South Africa,Wayne Parnell,2,0,18,0,9.00,3,0,1,1,0,T20I # 1847
SouthAfricaVsBangladesh,South Africa,Anrich Nortje,3.3,0,10,4,2.85,16,1,0,0,0,T20I # 1847
SouthAfricaVsBangladesh,South Africa,Keshav Maharaj,4,0,24,1,6.00,6,1,0,0,0,T20I # 1847
SouthAfricaVsBangladesh,South Africa,Tabraiz Shamsi,4,0,20,3,5.00,12,0,1,2,0,T20I # 1847
IndiaVsNetherlands,Netherlands,Fred Klaassen,4,0,33,1,8.25,9,2,1,2,0,T20I # 1848
IndiaVsNetherlands,Netherlands,Tim Pringle,4,0,30,0,7.50,6,3,0,0,0,T20I # 1848
IndiaVsNetherlands,Netherlands,Paul van Meekeren,4,0,32,1,8.00,9,3,1,0,0,T20I # 1848
IndiaVsNetherlands,Netherlands,Bas de Leede,3,0,33,0,11.00,6,5,1,1,0,T20I # 1848
IndiaVsNetherlands,Netherlands,Logan van Beek,4,0,45,0,11.25,3,2,3,0,0,T20I # 1848
IndiaVsNetherlands,Netherlands,Shariz Ahmad,1,0,5,0,5.00,2,0,0,0,0,T20I # 1848
IndiaVsNetherlands,India,Bhuvneshwar Kumar,3,2,9,2,3.00,14,1,0,0,0,T20I # 1848
IndiaVsNetherlands,India,Arshdeep Singh,4,0,37,2,9.25,9,6,0,1,1,T20I # 1848
IndiaVsNetherlands,India,Mohammed Shami,4,0,27,1,6.75,10,2,0,0,0,T20I # 1848
IndiaVsNetherlands,India,Axar Patel,4,0,18,2,4.50,11,0,0,0,0,T20I # 1848
IndiaVsNetherlands,India,Hardik Pandya,1,0,9,0,9.00,1,0,0,1,0,T20I # 1848
IndiaVsNetherlands,India,Ravichandran Ashwin,4,0,21,2,5.25,13,1,1,1,0,T20I # 1848
ZimbabweVsPakistan,Pakistan,Shaheen Shah Afridi,4,0,29,0,7.25,9,3,0,0,0,T20I # 1849
ZimbabweVsPakistan,Pakistan,Naseem Shah,4,0,34,0,8.50,7,4,0,2,0,T20I # 1849
ZimbabweVsPakistan,Pakistan,Mohammad Wasim,4,0,24,4,6.00,16,2,1,4,0,T20I # 1849
ZimbabweVsPakistan,Pakistan,Haris Rauf,4,1,12,1,3.00,15,0,0,0,0,T20I # 1849
ZimbabweVsPakistan,Pakistan,Shadab Khan,4,0,23,3,5.75,8,1,0,0,0,T20I # 1849
ZimbabweVsPakistan,Zimbabwe,Richard Ngarava,4,0,24,0,6.00,15,2,1,2,0,T20I # 1849
ZimbabweVsPakistan,Zimbabwe,Blessing Muzarabani,4,0,18,1,4.50,11,1,0,0,0,T20I # 1849
ZimbabweVsPakistan,Zimbabwe,Brad Evans,4,0,25,2,6.25,12,2,1,0,0,T20I # 1849
ZimbabweVsPakistan,Zimbabwe,Sikandar Raza,4,0,25,3,6.25,13,2,1,2,0,T20I # 1849
ZimbabweVsPakistan,Zimbabwe,Luke Jongwe,1,0,10,1,10.00,2,2,0,0,0,T20I # 1849
ZimbabweVsPakistan,Zimbabwe,Sean Williams,2,0,15,0,7.50,1,0,0,1,0,T20I # 1849
ZimbabweVsPakistan,Zimbabwe,Ryan Burl,1,0,7,0,7.00,0,0,0,0,0,T20I # 1849
NewZealandVsSriLanka,Sri Lanka,Maheesh Theekshana,4,0,35,1,8.75,7,2,2,1,0,T20I # 1850
NewZealandVsSriLanka,Sri Lanka,Kasun Rajitha,4,0,23,2,5.75,16,3,0,1,2,T20I # 1850
NewZealandVsSriLanka,Sri Lanka,Dhananjaya de Silva,2,0,14,1,7.00,4,1,0,0,0,T20I # 1850
NewZealandVsSriLanka,Sri Lanka,Wanindu Hasaranga de Silva,4,0,22,1,5.50,9,1,0,0,0,T20I # 1850
NewZealandVsSriLanka,Sri Lanka,Lahiru Kumara,3,0,37,1,12.33,2,2,2,2,1,T20I # 1850
NewZealandVsSriLanka,Sri Lanka,Chamika Karunaratne,3,0,34,0,11.33,5,3,1,1,0,T20I # 1850
NewZealandVsSriLanka,New Zealand,Tim Southee,4,1,12,1,3.00,18,0,1,1,0,T20I # 1850
NewZealandVsSriLanka,New Zealand,Trent Boult,4,0,13,4,3.25,18,1,0,1,0,T20I # 1850
NewZealandVsSriLanka,New Zealand,Lockie Ferguson,4,0,35,1,8.75,11,4,1,3,0,T20I # 1850
NewZealandVsSriLanka,New Zealand,Mitchell Santner,4,0,21,2,5.25,13,3,0,0,0,T20I # 1850
NewZealandVsSriLanka,New Zealand,Ish Sodhi,3.2,0,21,2,6.30,11,2,1,1,0,T20I # 1850
BangladeshVsZimbabwe,Zimbabwe,Richard Ngarava,4,0,24,2,6.00,11,2,0,2,0,T20I # 1851
BangladeshVsZimbabwe,Zimbabwe,Blessing Muzarabani,2,0,13,2,6.50,8,3,0,0,0,T20I # 1851
BangladeshVsZimbabwe,Zimbabwe,Tendai Chatara,3,0,18,0,6.00,7,1,0,0,0,T20I # 1851
BangladeshVsZimbabwe,Zimbabwe,Sikandar Raza,4,0,35,1,8.75,2,2,1,0,0,T20I # 1851
BangladeshVsZimbabwe,Zimbabwe,Brad Evans,3,0,32,0,10.66,2,3,1,1,0,T20I # 1851
BangladeshVsZimbabwe,Zimbabwe,Wessly Madhevere,2,0,18,0,9.00,0,1,0,0,0,T20I # 1851
BangladeshVsZimbabwe,Zimbabwe,Sean Williams,2,0,10,1,5.00,4,0,0,1,0,T20I # 1851
BangladeshVsZimbabwe,Bangladesh,Taskin Ahmed,4,1,19,3,4.75,15,3,0,0,0,T20I # 1851
BangladeshVsZimbabwe,Bangladesh,Hasan Mahmud,4,0,36,0,9.00,8,5,0,3,0,T20I # 1851
BangladeshVsZimbabwe,Bangladesh,Mosaddek Hossain,4,0,34,2,8.50,11,3,2,0,1,T20I # 1851
BangladeshVsZimbabwe,Bangladesh,Mustafizur Rahman,4,0,15,2,3.75,11,0,0,0,0,T20I # 1851
BangladeshVsZimbabwe,Bangladesh,Shakib Al Hasan,4,0,34,0,8.50,5,3,0,0,0,T20I # 1851
NetherlandsVsPakistan,Pakistan,Shaheen Shah Afridi,4,0,19,1,4.75,13,1,0,1,0,T20I # 1852
NetherlandsVsPakistan,Pakistan,Naseem Shah,4,0,11,1,2.75,15,0,0,0,0,T20I # 1852
NetherlandsVsPakistan,Pakistan,Mohammad Wasim,3,0,15,2,5.00,10,1,0,1,0,T20I # 1852
NetherlandsVsPakistan,Pakistan,Haris Rauf,3,0,10,1,3.33,11,1,0,0,0,T20I # 1852
NetherlandsVsPakistan,Pakistan,Shadab Khan,4,0,22,3,5.50,11,2,0,0,0,T20I # 1852
NetherlandsVsPakistan,Pakistan,Mohammad Nawaz,2,0,11,0,5.50,3,0,0,0,0,T20I # 1852
NetherlandsVsPakistan,Netherlands,Fred Klaassen,3,0,26,0,8.66,4,3,0,0,0,T20I # 1852
NetherlandsVsPakistan,Netherlands,Paul van Meekeren,4,0,19,1,4.75,15,2,0,0,0,T20I # 1852
NetherlandsVsPakistan,Netherlands,Brandon Glover,2.5,0,22,2,7.76,9,3,0,0,0,T20I # 1852
NetherlandsVsPakistan,Netherlands,Tim Pringle,1,0,12,0,12.00,1,2,0,0,0,T20I # 1852
NetherlandsVsPakistan,Netherlands,Logan van Beek,2,0,9,0,4.50,5,0,0,0,0,T20I # 1852
NetherlandsVsPakistan,Netherlands,Roelof van der Merwe,1,0,7,0,7.00,1,0,0,0,0,T20I # 1852
IndiaVsSouthAfrica,South Africa,Wayne Parnell,4,1,15,3,3.75,16,0,1,0,0,T20I # 1853
IndiaVsSouthAfrica,South Africa,Kagiso Rabada,4,0,26,0,6.50,13,2,1,1,0,T20I # 1853
IndiaVsSouthAfrica,South Africa,Lungi Ngidi,4,0,29,4,7.25,10,3,1,0,0,T20I # 1853
IndiaVsSouthAfrica,South Africa,Anrich Nortje,4,0,23,1,5.75,12,1,1,0,0,T20I # 1853
IndiaVsSouthAfrica,South Africa,Keshav Maharaj,3,0,28,0,9.33,5,3,1,0,0,T20I # 1853
IndiaVsSouthAfrica,South Africa,Aiden Markram,1,0,5,0,5.00,1,0,0,0,0,T20I # 1853
IndiaVsSouthAfrica,India,Bhuvneshwar Kumar,3.4,0,21,0,5.72,13,2,1,0,0,T20I # 1853
IndiaVsSouthAfrica,India,Arshdeep Singh,4,0,25,2,6.25,13,4,0,1,0,T20I # 1853
IndiaVsSouthAfrica,India,Mohammed Shami,4,0,13,1,3.25,15,1,0,0,0,T20I # 1853
IndiaVsSouthAfrica,India,Hardik Pandya,4,0,29,1,7.25,8,3,0,0,0,T20I # 1853
IndiaVsSouthAfrica,India,Ravichandran Ashwin,4,0,43,1,10.75,5,1,4,0,0,T20I # 1853
AustraliaVsIreland,Ireland,Josh Little,4,0,21,2,5.25,13,2,0,2,0,T20I # 1855
AustraliaVsIreland,Ireland,Mark Adair,4,0,59,0,14.75,6,7,2,6,0,T20I # 1855
AustraliaVsIreland,Ireland,Barry McCarthy,4,0,29,3,7.25,7,2,0,1,0,T20I # 1855
AustraliaVsIreland,Ireland,Gareth Delany,3,0,29,0,9.66,10,2,2,2,0,T20I # 1855
AustraliaVsIreland,Ireland,Fionn Hand,1,0,15,0,15.00,2,0,2,1,0,T20I # 1855
AustraliaVsIreland,Ireland,George Dockrell,4,0,24,0,6.00,8,0,1,0,0,T20I # 1855
AustraliaVsIreland,Australia,Josh Hazlewood,3,0,24,0,8.00,8,1,2,1,0,T20I # 1855
AustraliaVsIreland,Australia,Pat Cummins,4,0,28,2,7.00,14,3,1,1,0,T20I # 1855
AustraliaVsIreland,Australia,Glenn Maxwell,2.1,0,14,2,6.46,6,2,0,0,0,T20I # 1855
AustraliaVsIreland,Australia,Mitchell Starc,4,1,43,2,10.75,11,8,0,2,1,T20I # 1855
AustraliaVsIreland,Australia,Adam Zampa,4,0,19,2,4.75,9,1,0,0,0,T20I # 1855
AustraliaVsIreland,Australia,Marcus Stoinis,1,0,6,1,6.00,2,0,0,0,0,T20I # 1855
AfghanistanVsSriLanka,Sri Lanka,Kasun Rajitha,4,0,31,1,7.75,11,2,1,1,1,T20I # 1856
AfghanistanVsSriLanka,Sri Lanka,Pramod Madushan,3,0,24,0,8.00,7,2,1,0,0,T20I # 1856
AfghanistanVsSriLanka,Sri Lanka,Lahiru Kumara,4,0,30,2,7.50,12,2,1,4,0,T20I # 1856
AfghanistanVsSriLanka,Sri Lanka,Maheesh Theekshana,4,0,33,0,8.25,5,1,1,1,0,T20I # 1856
AfghanistanVsSriLanka,Sri Lanka,Wanindu Hasaranga de Silva,4,0,13,3,3.25,12,0,0,0,0,T20I # 1856
AfghanistanVsSriLanka,Sri Lanka,Dhananjaya de Silva,1,0,9,1,9.00,1,1,0,0,0,T20I # 1856
AfghanistanVsSriLanka,Afghanistan,Fazalhaq Farooqi,3.3,1,22,0,6.28,11,3,0,1,0,T20I # 1856
AfghanistanVsSriLanka,Afghanistan,Mujeeb Ur Rahman,4,0,24,2,6.00,12,3,0,0,0,T20I # 1856
AfghanistanVsSriLanka,Afghanistan,Fareed Ahmad,2,0,25,0,12.50,3,3,1,1,0,T20I # 1856
AfghanistanVsSriLanka,Afghanistan,Rashid Khan,4,0,31,2,7.75,10,2,1,1,0,T20I # 1856
AfghanistanVsSriLanka,Afghanistan,Azmatullah Omarzai,2,0,17,0,8.50,2,1,0,1,0,T20I # 1856
AfghanistanVsSriLanka,Afghanistan,Mohammad Nabi,2,0,16,0,8.00,2,0,1,0,0,T20I # 1856
AfghanistanVsSriLanka,Afghanistan,Gulbadin Naib,1,0,12,0,12.00,1,2,0,0,0,T20I # 1856
EnglandVsNewZealand,New Zealand,Trent Boult,4,0,40,0,10.00,8,4,1,1,0,T20I # 1858
EnglandVsNewZealand,New Zealand,Tim Southee,4,0,43,1,10.75,9,3,3,0,0,T20I # 1858
EnglandVsNewZealand,New Zealand,Mitchell Santner,4,0,25,1,6.25,8,2,0,0,0,T20I # 1858
EnglandVsNewZealand,New Zealand,Lockie Ferguson,4,0,45,2,11.25,6,4,2,0,1,T20I # 1858
EnglandVsNewZealand,New Zealand,Ish Sodhi,4,0,23,1,5.75,10,2,0,0,0,T20I # 1858
EnglandVsNewZealand,England,Moeen Ali,1,0,4,0,4.00,3,0,0,0,0,T20I # 1858
EnglandVsNewZealand,England,Chris Woakes,4,0,33,2,8.25,9,1,2,1,0,T20I # 1858
EnglandVsNewZealand,England,Adil Rashid,4,0,33,0,8.25,6,0,2,0,0,T20I # 1858
EnglandVsNewZealand,England,Sam Curran,4,0,26,2,6.50,9,0,0,2,0,T20I # 1858
EnglandVsNewZealand,England,Mark Wood,3,0,25,1,8.33,8,2,1,1,0,T20I # 1858
EnglandVsNewZealand,England,Liam Livingstone,3,0,26,0,8.66,4,3,0,0,0,T20I # 1858
EnglandVsNewZealand,England,Ben Stokes,1,0,10,1,10.00,2,2,0,0,0,T20I # 1858
ZimbabweVsNetherlands,Netherlands,Fred Klaassen,4,0,17,1,4.25,17,0,1,2,0,T20I # 1859
ZimbabweVsNetherlands,Netherlands,Paul van Meekeren,4,0,29,3,7.25,13,3,0,2,0,T20I # 1859
ZimbabweVsNetherlands,Netherlands,Brandon Glover,4,1,29,2,7.25,15,2,2,2,0,T20I # 1859
ZimbabweVsNetherlands,Netherlands,Logan van Beek,2.2,0,17,2,7.28,8,1,1,1,0,T20I # 1859
ZimbabweVsNetherlands,Netherlands,Bas de Leede,4,0,14,2,3.50,11,0,0,0,0,T20I # 1859
ZimbabweVsNetherlands,Netherlands,Roelof van der Merwe,1,0,8,0,8.00,2,1,0,0,0,T20I # 1859
ZimbabweVsNetherlands,Zimbabwe,Tendai Chatara,4,0,22,0,5.50,14,4,0,0,0,T20I # 1859
ZimbabweVsNetherlands,Zimbabwe,Richard Ngarava,4,0,18,2,4.50,15,1,1,0,0,T20I # 1859
ZimbabweVsNetherlands,Zimbabwe,Blessing Muzarabani,4,0,23,2,5.75,14,2,1,1,0,T20I # 1859
ZimbabweVsNetherlands,Zimbabwe,Sean Williams,3,0,21,0,7.00,8,2,1,0,0,T20I # 1859
ZimbabweVsNetherlands,Zimbabwe,Sikandar Raza,1,0,6,0,6.00,0,0,0,0,0,T20I # 1859
ZimbabweVsNetherlands,Zimbabwe,Luke Jongwe,2,0,25,1,12.50,3,4,0,3,1,T20I # 1859
IndiaVsBangladesh,Bangladesh,Taskin Ahmed,4,0,15,0,3.75,16,2,0,0,0,T20I # 1860
IndiaVsBangladesh,Bangladesh,Shoriful Islam,4,0,57,0,14.25,7,4,4,2,2,T20I # 1860
IndiaVsBangladesh,Bangladesh,Hasan Mahmud,4,0,47,3,11.75,7,6,2,0,1,T20I # 1860
IndiaVsBangladesh,Bangladesh,Mustafizur Rahman,4,0,31,0,7.75,9,4,0,0,0,T20I # 1860
IndiaVsBangladesh,Bangladesh,Shakib Al Hasan,4,0,33,2,8.25,3,2,0,0,0,T20I # 1860
IndiaVsBangladesh,India,Bhuvneshwar Kumar,3,0,27,0,9.00,7,2,2,0,0,T20I # 1860
IndiaVsBangladesh,India,Arshdeep Singh,4,0,38,2,9.50,10,5,1,0,0,T20I # 1860
IndiaVsBangladesh,India,Mohammed Shami,3,0,25,1,8.33,7,2,1,0,0,T20I # 1860
IndiaVsBangladesh,India,Axar Patel,1,0,6,0,6.00,2,0,0,0,0,T20I # 1860
IndiaVsBangladesh,India,Ravichandran Ashwin,2,0,19,0,9.50,4,3,0,1,0,T20I # 1860
IndiaVsBangladesh,India,Hardik Pandya,3,0,28,2,9.33,8,1,3,0,0,T20I # 1860
PakistanVsSouthAfrica,South Africa,Wayne Parnell,4,0,31,1,7.75,10,3,1,0,0,T20I # 1861
PakistanVsSouthAfrica,South Africa,Kagiso Rabada,4,0,44,1,11.00,7,4,2,0,0,T20I # 1861
PakistanVsSouthAfrica,South Africa,Lungi Ngidi,4,0,32,1,8.00,11,3,1,2,0,T20I # 1861
PakistanVsSouthAfrica,South Africa,Anrich Nortje,4,0,41,4,10.25,11,1,4,0,1,T20I # 1861
PakistanVsSouthAfrica,South Africa,Tabraiz Shamsi,4,0,36,1,9.00,8,2,2,2,0,T20I # 1861
PakistanVsSouthAfrica,Pakistan,Shaheen Shah Afridi,3,0,14,3,4.66,11,2,0,0,0,T20I # 1861
PakistanVsSouthAfrica,Pakistan,Naseem Shah,3,0,19,1,6.33,10,1,1,1,0,T20I # 1861
PakistanVsSouthAfrica,Pakistan,Haris Rauf,3,0,44,1,14.66,2,7,1,1,0,T20I # 1861
PakistanVsSouthAfrica,Pakistan,Mohammad Wasim,2,0,13,1,6.50,3,1,0,0,0,T20I # 1861
PakistanVsSouthAfrica,Pakistan,Shadab Khan,2,0,16,2,8.00,5,1,1,0,0,T20I # 1861
PakistanVsSouthAfrica,Pakistan,Mohammad Nawaz,1,0,2,0,2.00,4,0,0,0,0,T20I # 1861
NewZealandVsIreland,Ireland,Josh Little,4,0,22,3,5.50,10,2,0,1,0,T20I # 1862
NewZealandVsIreland,Ireland,Mark Adair,4,0,39,1,9.75,9,3,1,3,0,T20I # 1862
NewZealandVsIreland,Ireland,Barry McCarthy,4,0,46,0,11.50,4,4,2,0,0,T20I # 1862
NewZealandVsIreland,Ireland,Gareth Delany,4,0,30,2,7.50,11,3,1,1,0,T20I # 1862
NewZealandVsIreland,Ireland,Fionn Hand,2,0,22,0,11.00,2,2,1,0,0,T20I # 1862
NewZealandVsIreland,Ireland,George Dockrell,2,0,18,0,9.00,4,2,0,2,0,T20I # 1862
NewZealandVsIreland,New Zealand,Trent Boult,4,0,38,0,9.50,8,4,1,0,0,T20I # 1862
NewZealandVsIreland,New Zealand,Tim Southee,4,0,29,2,7.25,8,2,1,0,0,T20I # 1862
NewZealandVsIreland,New Zealand,Lockie Ferguson,4,0,22,3,5.50,10,1,0,0,0,T20I # 1862
NewZealandVsIreland,New Zealand,Mitchell Santner,4,0,26,2,6.50,12,3,1,0,0,T20I # 1862
NewZealandVsIreland,New Zealand,Ish Sodhi,4,0,31,2,7.75,10,0,2,1,0,T20I # 1862
AustraliaVsAfghanistan,Afghanistan,Fazalhaq Farooqi,4,0,29,2,7.25,13,4,1,0,0,T20I # 1864
AustraliaVsAfghanistan,Afghanistan,Mujeeb Ur Rahman,4,0,42,1,10.50,5,4,1,1,0,T20I # 1864
AustraliaVsAfghanistan,Afghanistan,Naveen-ul-Haq,4,0,21,3,5.25,11,2,0,0,0,T20I # 1864
AustraliaVsAfghanistan,Afghanistan,Gulbadin Naib,3,0,31,0,10.33,6,3,2,0,0,T20I # 1864
AustraliaVsAfghanistan,Afghanistan,Rashid Khan,4,0,29,1,7.25,9,2,1,1,0,T20I # 1864
AustraliaVsAfghanistan,Afghanistan,Mohammad Nabi,1,0,14,0,14.00,1,1,1,0,0,T20I # 1864
AustraliaVsAfghanistan,Australia,Josh Hazlewood,4,0,33,2,8.25,13,2,3,0,0,T20I # 1864
AustraliaVsAfghanistan,Australia,Pat Cummins,4,0,22,0,5.50,12,2,0,0,0,T20I # 1864
AustraliaVsAfghanistan,Australia,Marcus Stoinis,2,0,26,0,13.00,2,2,1,2,0,T20I # 1864
AustraliaVsAfghanistan,Australia,Kane Richardson,4,0,48,1,12.00,4,3,3,1,0,T20I # 1864
AustraliaVsAfghanistan,Australia,Adam Zampa,4,0,22,2,5.50,11,1,0,0,0,T20I # 1864
AustraliaVsAfghanistan,Australia,Cameron Green,2,0,13,0,6.50,7,1,1,0,0,T20I # 1864
SriLankaVsEngland,England,Ben Stokes,3,0,24,1,8.00,8,1,2,0,0,T20I # 1867
SriLankaVsEngland,England,Chris Woakes,3,0,24,1,8.00,5,3,0,1,0,T20I # 1867
SriLankaVsEngland,England,Mark Wood,3,0,26,3,8.66,8,1,2,1,0,T20I # 1867
SriLankaVsEngland,England,Sam Curran,4,0,27,1,6.75,10,2,1,0,0,T20I # 1867
SriLankaVsEngland,England,Adil Rashid,4,0,16,1,4.00,11,0,0,0,0,T20I # 1867
SriLankaVsEngland,England,Liam Livingstone,2,0,16,0,8.00,2,0,1,0,0,T20I # 1867
SriLankaVsEngland,England,Moeen Ali,1,0,5,0,5.00,1,0,0,0,0,T20I # 1867
SriLankaVsEngland,Sri Lanka,Maheesh Theekshana,4,0,22,0,5.50,11,1,0,1,0,T20I # 1867
SriLankaVsEngland,Sri Lanka,Kasun Rajitha,3,0,40,0,13.33,4,5,1,2,0,T20I # 1867
SriLankaVsEngland,Sri Lanka,Lahiru Kumara,3.4,0,24,2,6.54,11,3,0,0,1,T20I # 1867
SriLankaVsEngland,Sri Lanka,Wanindu Hasaranga de Silva,4,0,23,2,5.75,11,1,1,0,0,T20I # 1867
SriLankaVsEngland,Sri Lanka,Dhananjaya de Silva,4,0,24,2,6.00,7,1,0,0,0,T20I # 1867
SriLankaVsEngland,Sri Lanka,Charith Asalanka,1,0,8,0,8.00,1,1,0,0,0,T20I # 1867
NetherlandsVsSouthAfrica,South Africa,Wayne Parnell,4,0,32,0,8.00,10,2,2,1,0,T20I # 1871
NetherlandsVsSouthAfrica,South Africa,Kagiso Rabada,3,0,37,0,12.33,6,7,0,0,0,T20I # 1871
NetherlandsVsSouthAfrica,South Africa,Lungi Ngidi,3,0,35,0,11.66,3,5,0,0,0,T20I # 1871
NetherlandsVsSouthAfrica,South Africa,Anrich Nortje,4,0,10,1,2.50,14,0,0,0,0,T20I # 1871
NetherlandsVsSouthAfrica,South Africa,Keshav Maharaj,4,0,27,2,6.75,12,1,2,0,0,T20I # 1871
NetherlandsVsSouthAfrica,South Africa,Aiden Markram,2,0,16,1,8.00,3,0,1,1,0,T20I # 1871
NetherlandsVsSouthAfrica,Netherlands,Fred Klaassen,4,0,20,2,5.00,15,3,0,0,0,T20I # 1871
NetherlandsVsSouthAfrica,Netherlands,Paul van Meekeren,3,0,33,1,11.00,5,1,2,1,1,T20I # 1871
NetherlandsVsSouthAfrica,Netherlands,Colin Ackermann,3,0,16,0,5.33,6,1,0,0,0,T20I # 1871
NetherlandsVsSouthAfrica,Netherlands,Roelof van der Merwe,2,0,19,0,9.50,2,2,0,0,0,T20I # 1871
NetherlandsVsSouthAfrica,Netherlands,Brandon Glover,2,0,9,3,4.50,5,0,0,1,0,T20I # 1871
NetherlandsVsSouthAfrica,Netherlands,Logan van Beek,3,0,23,0,7.66,4,1,1,0,0,T20I # 1871
NetherlandsVsSouthAfrica,Netherlands,Bas de Leede,3,0,25,2,8.33,4,1,0,1,2,T20I # 1871
BangladeshVsPakistan,Pakistan,Shaheen Shah Afridi,4,0,22,4,5.50,13,2,1,0,0,T20I # 1872
BangladeshVsPakistan,Pakistan,Naseem Shah,3,0,15,0,5.00,9,2,0,0,0,T20I # 1872
BangladeshVsPakistan,Pakistan,Mohammad Wasim,2,0,19,0,9.50,5,1,1,1,0,T20I # 1872
BangladeshVsPakistan,Pakistan,Haris Rauf,4,0,21,1,5.25,11,2,0,0,0,T20I # 1872
BangladeshVsPakistan,Pakistan,Shadab Khan,4,0,30,2,7.50,8,3,0,0,0,T20I # 1872
BangladeshVsPakistan,Pakistan,Iftikhar Ahmed,3,0,15,1,5.00,9,2,0,0,0,T20I # 1872
BangladeshVsPakistan,Bangladesh,Taskin Ahmed,3,0,26,0,8.66,10,1,2,0,1,T20I # 1872
BangladeshVsPakistan,Bangladesh,Nasum Ahmed,4,0,14,1,3.50,13,0,0,2,0,T20I # 1872
BangladeshVsPakistan,Bangladesh,Shakib Al Hasan,4,0,35,1,8.75,6,5,0,0,0,T20I # 1872
BangladeshVsPakistan,Bangladesh,Mustafizur Rahman,4,0,21,1,5.25,8,0,0,0,0,T20I # 1872
BangladeshVsPakistan,Bangladesh,Ebadot Hossain,3.1,0,25,1,7.89,7,1,1,0,1,T20I # 1872
IndiaVsZimbabwe,Zimbabwe,Richard Ngarava,4,1,44,1,11.00,12,2,4,1,1,T20I # 1873
IndiaVsZimbabwe,Zimbabwe,Tendai Chatara,4,0,34,0,8.50,5,3,1,0,0,T20I # 1873
IndiaVsZimbabwe,Zimbabwe,Blessing Muzarabani,4,0,50,1,12.50,5,8,0,1,0,T20I # 1873
IndiaVsZimbabwe,Zimbabwe,Wellington Masakadza,2,0,12,0,6.00,5,1,0,1,0,T20I # 1873
IndiaVsZimbabwe,Zimbabwe,Ryan Burl,1,0,14,0,14.00,1,1,1,0,0,T20I # 1873
IndiaVsZimbabwe,Zimbabwe,Sikandar Raza,3,0,18,1,6.00,5,0,1,0,0,T20I # 1873
IndiaVsZimbabwe,Zimbabwe,Sean Williams,2,0,9,2,4.50,6,0,0,2,0,T20I # 1873
IndiaVsZimbabwe,India,Bhuvneshwar Kumar,3,1,11,1,3.66,14,1,0,1,0,T20I # 1873
IndiaVsZimbabwe,India,Arshdeep Singh,2,0,9,1,4.50,9,1,0,2,0,T20I # 1873
IndiaVsZimbabwe,India,Mohammed Shami,2,0,14,2,7.00,7,1,1,0,0,T20I # 1873
IndiaVsZimbabwe,India,Hardik Pandya,3,0,16,2,5.33,10,1,0,2,1,T20I # 1873
IndiaVsZimbabwe,India,Ravichandran Ashwin,4,0,22,3,5.50,13,3,0,1,0,T20I # 1873
IndiaVsZimbabwe,India,Axar Patel,3.2,0,40,1,12.00,4,5,1,0,0,T20I # 1873
NewZealandVsPakistan,Pakistan,Shaheen Shah Afridi,4,0,24,2,6.00,11,2,0,0,0,T20I # 1877
NewZealandVsPakistan,Pakistan,Naseem Shah,4,0,30,0,7.50,8,3,0,0,0,T20I # 1877
NewZealandVsPakistan,Pakistan,Haris Rauf,4,0,32,0,8.00,6,2,0,0,0,T20I # 1877
NewZealandVsPakistan,Pakistan,Mohammad Wasim,2,0,15,0,7.50,3,0,1,0,0,T20I # 1877
NewZealandVsPakistan,Pakistan,Shadab Khan,4,0,33,0,8.25,7,3,1,0,0,T20I # 1877
NewZealandVsPakistan,Pakistan,Mohammad Nawaz,2,0,12,1,6.00,2,0,0,0,0,T20I # 1877
NewZealandVsPakistan,New Zealand,Trent Boult,4,0,33,2,8.25,9,5,0,0,0,T20I # 1877
NewZealandVsPakistan,New Zealand,Tim Southee,3.1,0,24,0,7.57,7,3,0,2,0,T20I # 1877
NewZealandVsPakistan,New Zealand,Lockie Ferguson,4,0,37,0,9.25,7,4,1,1,0,T20I # 1877
NewZealandVsPakistan,New Zealand,Mitchell Santner,4,0,26,1,6.50,6,1,0,0,0,T20I # 1877
NewZealandVsPakistan,New Zealand,Ish Sodhi,4,0,26,0,6.50,4,1,0,0,0,T20I # 1877
IndiaVsEngland,England,Ben Stokes,2,0,18,0,9.00,5,2,1,0,0,T20I # 1878
IndiaVsEngland,England,Chris Woakes,3,0,24,1,8.00,5,1,1,2,0,T20I # 1878
IndiaVsEngland,England,Sam Curran,4,0,42,0,10.50,9,5,2,0,0,T20I # 1878
IndiaVsEngland,England,Adil Rashid,4,0,20,1,5.00,8,1,0,0,0,T20I # 1878
IndiaVsEngland,England,Liam Livingstone,3,0,21,0,7.00,7,3,0,0,0,T20I # 1878
IndiaVsEngland,England,Chris Jordan,4,0,43,3,10.75,8,3,3,1,0,T20I # 1878
IndiaVsEngland,India,Bhuvneshwar Kumar,2,0,25,0,12.50,4,3,1,1,0,T20I # 1878
IndiaVsEngland,India,Arshdeep Singh,2,0,15,0,7.50,4,2,0,1,0,T20I # 1878
IndiaVsEngland,India,Axar Patel,4,0,30,0,7.50,10,2,2,0,0,T20I # 1878
IndiaVsEngland,India,Mohammed Shami,3,0,39,0,13.00,7,4,3,0,0,T20I # 1878
IndiaVsEngland,India,Ravichandran Ashwin,2,0,27,0,13.50,1,1,2,1,0,T20I # 1878
IndiaVsEngland,India,Hardik Pandya,3,0,34,0,11.33,5,1,2,0,0,T20I # 1878
PakistanVsEngland,England,Ben Stokes,4,0,32,1,8.00,6,1,0,2,1,T20I # 1879
PakistanVsEngland,England,Chris Woakes,3,0,26,0,8.66,7,2,1,2,0,T20I # 1879
PakistanVsEngland,England,Sam Curran,4,0,12,3,3.00,15,0,0,0,0,T20I # 1879
PakistanVsEngland,England,Adil Rashid,4,1,22,2,5.50,10,1,0,1,0,T20I # 1879
PakistanVsEngland,England,Chris Jordan,4,0,27,2,6.75,9,3,0,0,0,T20I # 1879
PakistanVsEngland,England,Liam Livingstone,1,0,16,0,16.00,1,1,1,1,0,T20I # 1879
PakistanVsEngland,Pakistan,Shaheen Shah Afridi,2.1,0,13,1,6.00,6,1,0,0,0,T20I # 1879
PakistanVsEngland,Pakistan,Naseem Shah,4,0,30,0,7.50,15,3,1,1,0,T20I # 1879
PakistanVsEngland,Pakistan,Haris Rauf,4,0,23,2,5.75,13,3,0,1,0,T20I # 1879
PakistanVsEngland,Pakistan,Shadab Khan,4,0,20,1,5.00,10,1,0,0,0,T20I # 1879
PakistanVsEngland,Pakistan,Mohammad Wasim,4,0,38,1,9.50,5,5,0,2,0,T20I # 1879
PakistanVsEngland,Pakistan,Iftikhar Ahmed,0.5,0,13,0,15.60,0,1,1,0,0,T20I # 1879
